{
    "layer_thickness": [
        0.0,
        75.0483875712,
        37.92991507022676,
        117.25254673810139
    ],
    "vr": [
        0.0,
        7.675982311200002,
        5.885734716526099,
        16.623193679627814
    ],
    "vci": [
        0.0,
        85.0617396552,
        38.77863826970327,
        121.91729820593149
    ],
    "ri": [
        8.420230882389375e-10,
        100.0,
        28.337486961961375,
        75.05161426399644
    ],
    "ocr": [
        1e-06,
        100.0,
        48.898477844285274,
        138.71372281230902
    ],
    "k": [
        0.0,
        100.0,
        20.166068040794478,
        56.48788832739094
    ],
    "mv": [
        0.0,
        100.0,
        27.532194511972413,
        73.52123228575836
    ],
    "ies": [
        9.6129127383019e-10,
        49.54418082,
        20.64332125372474,
        65.68887133158647
    ],
    "v_disp": [
        -9.479000000000001,
        8.719000000000001,
        -0.30071167883211675,
        8.95854811604692
    ]
}